<?xml version="1.0" encoding="UTF-8"?>
<!--
*************************************************
	         AnyLogic Project File 
*************************************************	         
-->
<AnyLogicWorkspace WorkspaceVersion="1.9" AnyLogicVersion="8.7.12.202205250338" AlpVersion="8.7.5">
<Model>
	<Id>1659662198536</Id>
	<Name><![CDATA[Model]]></Name>
	<EngineVersion>6</EngineVersion>
	<JavaPackageName><![CDATA[model]]></JavaPackageName>
	<ModelTimeUnit><![CDATA[Second]]></ModelTimeUnit>
	<ActiveObjectClasses>
		<!--   =========   Active Object Class   ========  -->
		<ActiveObjectClass>
			<Id>1659662198544</Id>
			<Name><![CDATA[Main]]></Name>
			<ClientAreaTopLeft><X>0</X><Y>0</Y></ClientAreaTopLeft>
			<Generic>false</Generic>
			<GenericParameter>
				<Id>1659662198542</Id>
				<Name><![CDATA[1659662198542]]></Name>
				<GenericParameterValue Class="CodeValue">
					<Code><![CDATA[T extends Agent]]></Code>
				</GenericParameterValue>
				<GenericParameterLabel><![CDATA[Generic parameter:]]></GenericParameterLabel>
			</GenericParameter>
			<FlowChartsUsage>ENTITY</FlowChartsUsage>
			<SamplesToKeep>100</SamplesToKeep>
			<LimitNumberOfArrayElements>false</LimitNumberOfArrayElements>
			<ElementsLimitValue>100</ElementsLimitValue>
			<MakeDefaultViewArea>true</MakeDefaultViewArea>
			<SceneGridColor/>
			<SceneBackgroundColor/>
			<SceneSkybox>null</SceneSkybox>
			<AgentProperties>
	 			<SpaceType>CONTINUOUS</SpaceType>			
				<EnvironmentDefinesInitialLocation>true</EnvironmentDefinesInitialLocation>
				<RotateAnimationTowardsMovement>true</RotateAnimationTowardsMovement>
				<RotateAnimationVertically>false</RotateAnimationVertically>
				<VelocityCode Class="CodeUnitValue">
					<Code><![CDATA[10]]></Code>
					<Unit Class="SpeedUnits"><![CDATA[MPS]]></Unit>
				</VelocityCode>
				<PhysicalLength Class="CodeUnitValue">
					<Code><![CDATA[1]]></Code>
					<Unit Class="LengthUnits"><![CDATA[METER]]></Unit>
				</PhysicalLength>
				<PhysicalWidth Class="CodeUnitValue">
					<Code><![CDATA[1]]></Code>
					<Unit Class="LengthUnits"><![CDATA[METER]]></Unit>
				</PhysicalWidth>
				<PhysicalHeight Class="CodeUnitValue">
					<Code><![CDATA[1]]></Code>
					<Unit Class="LengthUnits"><![CDATA[METER]]></Unit>
				</PhysicalHeight>
			</AgentProperties>
			<EnvironmentProperties>
					<EnableSteps>false</EnableSteps>
					<StepDurationCode Class="CodeUnitValue">
						<Code><![CDATA[1.0]]></Code>
						<Unit Class="TimeUnits"><![CDATA[SECOND]]></Unit>
					</StepDurationCode>
					<SpaceType>CONTINUOUS</SpaceType>
					<WidthCode><![CDATA[500]]></WidthCode>
					<HeightCode><![CDATA[500]]></HeightCode>
					<ZHeightCode><![CDATA[0]]></ZHeightCode>
					<ColumnsCountCode><![CDATA[100]]></ColumnsCountCode>
					<RowsCountCode><![CDATA[100]]></RowsCountCode>
					<NeigborhoodType>MOORE</NeigborhoodType>
					<LayoutType>USER_DEF</LayoutType>
					<LayoutTypeApplyOnStartup>true</LayoutTypeApplyOnStartup>
					<NetworkType>USER_DEF</NetworkType>
					<NetworkTypeApplyOnStartup>true</NetworkTypeApplyOnStartup>
					<ConnectionsPerAgentCode><![CDATA[2]]></ConnectionsPerAgentCode>
					<ConnectionsRangeCode><![CDATA[50]]></ConnectionsRangeCode>
					<NeighborLinkFractionCode><![CDATA[0.95]]></NeighborLinkFractionCode>
					<MCode><![CDATA[10]]></MCode>
			</EnvironmentProperties>
			<DatasetsCreationProperties>
				<AutoCreate>true</AutoCreate>
					<OccurrenceAtTime>true</OccurrenceAtTime>
					<OccurrenceDate>1659686400000</OccurrenceDate>
					<OccurrenceTime Class="CodeUnitValue">
						<Code><![CDATA[0]]></Code>
						<Unit Class="TimeUnits"><![CDATA[SECOND]]></Unit>
					</OccurrenceTime>
					<RecurrenceCode Class="CodeUnitValue">
						<Code><![CDATA[1]]></Code>
						<Unit Class="TimeUnits"><![CDATA[SECOND]]></Unit>
					</RecurrenceCode>
			</DatasetsCreationProperties>
			<ScaleRuler>
				<Id>1659662198540</Id>
				<Name><![CDATA[scale]]></Name>
				<X>0</X><Y>-150</Y>
				<PublicFlag>false</PublicFlag>
				<PresentationFlag>false</PresentationFlag>
				<ShowLabel>false</ShowLabel>
				<DrawMode>SHAPE_DRAW_2D3D</DrawMode>
				<Length>100</Length>
				<Rotation>0</Rotation>
				<ScaleType>BASED_ON_LENGTH</ScaleType>
				<ModelLength>10</ModelLength>
				<LengthUnits>METER</LengthUnits>
				<Scale>10</Scale>
				<InheritedFromParentAgentType>true</InheritedFromParentAgentType>
			</ScaleRuler>
			<CurrentLevel>1659662198543</CurrentLevel>
			<ConnectionsId>1659662198539</ConnectionsId>
			<Variables>
				<Variable Class="PlainVariable">
					<Id>1659664552268</Id>
					<Name><![CDATA[totalFees]]></Name>
					<X>170</X><Y>70</Y>
					<Label><X>10</X><Y>0</Y></Label>
					<PublicFlag>false</PublicFlag>
					<PresentationFlag>true</PresentationFlag>
					<ShowLabel>true</ShowLabel>
					<Properties SaveInSnapshot="true" Constant="false" AccessType="public" StaticVariable="false">
						<Type><![CDATA[double]]></Type>        
						<InitialValue Class="CodeValue">
							<Code><![CDATA[0]]></Code>
						</InitialValue>
					</Properties>
				</Variable>
				<Variable Class="Parameter">
					<Id>1659663186726</Id>
					<Name><![CDATA[winRate]]></Name>
					<X>70</X><Y>70</Y>
					<Label><X>10</X><Y>0</Y></Label>
					<PublicFlag>false</PublicFlag>
					<PresentationFlag>true</PresentationFlag>
					<ShowLabel>true</ShowLabel>
					<Properties SaveInSnapshot="true" ModificatorType="STATIC">
						<Type><![CDATA[double]]></Type>
						<UnitType><![CDATA[NONE]]></UnitType>
						<SdArray>false</SdArray>
						<DefaultValue Class="CodeValue">
							<Code><![CDATA[.3]]></Code>
						</DefaultValue>
						<ParameterEditor>
							<Id>1659663186724</Id>
							<EditorContolType>TEXT_BOX</EditorContolType>
							<MinSliderValue><![CDATA[0]]></MinSliderValue>
							<MaxSliderValue><![CDATA[100]]></MaxSliderValue>
							<DelimeterType>NO_DELIMETER</DelimeterType>
						</ParameterEditor>
					</Properties>                 
				</Variable>
			</Variables>
			<Events>
				<Event>
					<Id>1659664940644</Id>
					<Name><![CDATA[finance_Month]]></Name>
					<X>80</X><Y>110</Y>
					<Label><X>10</X><Y>0</Y></Label>
					<PublicFlag>false</PublicFlag>
					<PresentationFlag>true</PresentationFlag>
					<ShowLabel>true</ShowLabel>
					<Properties TriggerType="timeout" Mode="cyclic">
						<Timeout Class="CodeUnitValue">
							<Code><![CDATA[1]]></Code>
							<Unit Class="TimeUnits"><![CDATA[SECOND]]></Unit>
						</Timeout>
						<Rate Class="CodeUnitValue">
							<Code><![CDATA[1]]></Code>
							<Unit Class="RateUnits"><![CDATA[PER_SECOND]]></Unit>
						</Rate>
						<OccurrenceAtTime>true</OccurrenceAtTime>
						<OccurrenceDate>1659686400000</OccurrenceDate>
						<OccurrenceTime Class="CodeUnitValue">
							<Code><![CDATA[0]]></Code>
							<Unit Class="TimeUnits"><![CDATA[SECOND]]></Unit>
						</OccurrenceTime>
						<RecurrenceCode Class="CodeUnitValue">
							<Code><![CDATA[4]]></Code>
							<Unit Class="TimeUnits"><![CDATA[SECOND]]></Unit>
						</RecurrenceCode>
						<Condition><![CDATA[false]]></Condition>
					</Properties>
					<Action><![CDATA[fees.add(totalFees);
totalFees = 0;]]></Action>
				</Event>
				<Event>
					<Id>1659665099401</Id>
					<Name><![CDATA[newLeads]]></Name>
					<X>80</X><Y>140</Y>
					<Label><X>10</X><Y>0</Y></Label>
					<PublicFlag>false</PublicFlag>
					<PresentationFlag>true</PresentationFlag>
					<ShowLabel>true</ShowLabel>
					<Properties TriggerType="timeout" Mode="cyclic">
						<Timeout Class="CodeUnitValue">
							<Code><![CDATA[1]]></Code>
							<Unit Class="TimeUnits"><![CDATA[SECOND]]></Unit>
						</Timeout>
						<Rate Class="CodeUnitValue">
							<Code><![CDATA[1]]></Code>
							<Unit Class="RateUnits"><![CDATA[PER_SECOND]]></Unit>
						</Rate>
						<OccurrenceAtTime>true</OccurrenceAtTime>
						<OccurrenceDate>1659686400000</OccurrenceDate>
						<OccurrenceTime Class="CodeUnitValue">
							<Code><![CDATA[0]]></Code>
							<Unit Class="TimeUnits"><![CDATA[SECOND]]></Unit>
						</OccurrenceTime>
						<RecurrenceCode Class="CodeUnitValue">
							<Code><![CDATA[1]]></Code>
							<Unit Class="TimeUnits"><![CDATA[SECOND]]></Unit>
						</RecurrenceCode>
						<Condition><![CDATA[false]]></Condition>
					</Properties>
					<Action><![CDATA[// generate new leads
// grab number of leads for the week
int newLeads = (int) triangular(0,10);

// instantiate leads
for(int i=0;i<newLeads;i++){
	// add the agent
	Projects newProj = add_projects();
	newProj.fees =triangular(100000, 750000);
	newProj.duration =triangular(4,10);
}
]]></Action>
				</Event>
			</Events>
			<AnalysisData>
    			<DataSet>
					<Id>1659664588829</Id>
					<Name><![CDATA[fees]]></Name>
					<X>290</X><Y>80</Y>
					<Label><X>15</X><Y>0</Y></Label>
					<PublicFlag>false</PublicFlag>
					<PresentationFlag>true</PresentationFlag>
					<ShowLabel>true</ShowLabel>
					<AutoUpdate>false</AutoUpdate>
					<OccurrenceAtTime>true</OccurrenceAtTime>
					<OccurrenceDate>1659686400000</OccurrenceDate>
					<OccurrenceTime Class="CodeUnitValue">
						<Code><![CDATA[0]]></Code>
						<Unit Class="TimeUnits"><![CDATA[SECOND]]></Unit>
					</OccurrenceTime>
					<RecurrenceCode Class="CodeUnitValue">
						<Code><![CDATA[1]]></Code>
						<Unit Class="TimeUnits"><![CDATA[SECOND]]></Unit>
					</RecurrenceCode>
					<FreezeXAxis>true</FreezeXAxis>
					<VerticalAxisExpression><![CDATA[totalFees]]></VerticalAxisExpression>
					<SamplesToKeep>100</SamplesToKeep>
				</DataSet>
			</AnalysisData>
			<AgentLinks>
				<AgentLink>
					<Id>1659662198539</Id>
					<Name><![CDATA[connections]]></Name>
					<X>50</X><Y>-50</Y>
					<Label><X>15</X><Y>0</Y></Label>
					<PublicFlag>false</PublicFlag>
					<PresentationFlag>true</PresentationFlag>
					<ShowLabel>true</ShowLabel>
					<HandleReceiveInConnections>false</HandleReceiveInConnections>
					<AgentLinkType>COLLECTION_OF_LINKS</AgentLinkType>
					<AgentLinkBidirectional>true</AgentLinkBidirectional>
					<MessageType><![CDATA[Object]]></MessageType>
					<LineStyle>SOLID</LineStyle>
					<LineWidth>1</LineWidth>
					<LineColor>-16777216</LineColor>
					<LineZOrder>UNDER_AGENTS</LineZOrder>
					<LineArrow>NONE</LineArrow>
					<LineArrowPosition>END</LineArrowPosition>
				</AgentLink>
			</AgentLinks>

			<EmbeddedObjects>
				<EmbeddedObject>
					<Id>1659665481482</Id>
					<Name><![CDATA[projects]]></Name>
					<X>80</X><Y>40</Y>
					<Label><X>-30</X><Y>-25</Y></Label>
					<PublicFlag>false</PublicFlag>
					<PresentationFlag>true</PresentationFlag>
					<ShowLabel>true</ShowLabel>
					<ActiveObjectClass>
						<PackageName><![CDATA[model]]></PackageName>
						<ClassName><![CDATA[Projects]]></ClassName>
					</ActiveObjectClass>
					<GenericParameterSubstitute>
						<GenericParameterSubstituteReference>
							<PackageName><![CDATA[model]]></PackageName>
							<ClassName><![CDATA[Projects]]></ClassName>
							<ItemName><![CDATA[1659662261586]]></ItemName>
						</GenericParameterSubstituteReference>
					</GenericParameterSubstitute>
					<Parameters>
					</Parameters>
					<ReplicationFlag>true</ReplicationFlag>
					<Replication Class="CodeValue">
						<Code><![CDATA[0]]></Code>
					</Replication>
					<CollectionType>ARRAY_LIST_BASED</CollectionType>
					<InEnvironment>true</InEnvironment>	
					<InitialLocationType>AT_ANIMATION_POSITION</InitialLocationType>
					<XCode Class="CodeValue">
						<Code><![CDATA[0]]></Code>
					</XCode>
					<YCode Class="CodeValue">
						<Code><![CDATA[0]]></Code>
					</YCode>
					<ZCode Class="CodeValue">
						<Code><![CDATA[0]]></Code>
					</ZCode>
					<ColumnCode Class="CodeValue">
						<Code><![CDATA[0]]></Code>
					</ColumnCode>
					<RowCode Class="CodeValue">
						<Code><![CDATA[0]]></Code>
					</RowCode>
					<LatitudeCode Class="CodeValue">
						<Code><![CDATA[0]]></Code>
					</LatitudeCode>
					<LongitudeCode Class="CodeValue">
						<Code><![CDATA[0]]></Code>
					</LongitudeCode>
					<LocationNameCode Class="CodeValue">
						<Code><![CDATA[""]]></Code>
					</LocationNameCode>
					<InitializationType>SPECIFIED_NUMBER</InitializationType>
					<InitializationDatabaseTableQuery>
						<TableReference>
						</TableReference>
					</InitializationDatabaseTableQuery>
					<InitializationDatabaseType>ONE_AGENT_PER_DATABASE_RECORD</InitializationDatabaseType>
					<QuantityColumn>
					</QuantityColumn>
				</EmbeddedObject>
			</EmbeddedObjects>

			<Presentation>
				<Level>
					<Id>1659662198543</Id>
					<Name><![CDATA[level]]></Name>
					<X>0</X><Y>0</Y>
					<Label><X>10</X><Y>0</Y></Label>
					<PublicFlag>true</PublicFlag>
					<PresentationFlag>true</PresentationFlag>
					<ShowLabel>false</ShowLabel>
					<DrawMode>SHAPE_DRAW_2D3D</DrawMode>
					<Z>0</Z>
					<LevelVisibility>DIM_NON_CURRENT</LevelVisibility>

			<Presentation>
    			<TimePlot>
					<Id>1659664854547</Id>
					<Name><![CDATA[plot]]></Name>
					<X>370</X><Y>20</Y>
					<Label><X>0</X><Y>-10</Y></Label>
					<PublicFlag>true</PublicFlag>
					<PresentationFlag>true</PresentationFlag>
					<ShowLabel>false</ShowLabel>
					<DrawMode>SHAPE_DRAW_2D3D</DrawMode>
					<AutoUpdate>true</AutoUpdate>
					<OccurrenceAtTime>true</OccurrenceAtTime>
					<OccurrenceDate>1659686400000</OccurrenceDate>
					<OccurrenceTime Class="CodeUnitValue">
						<Code><![CDATA[0]]></Code>
						<Unit Class="TimeUnits"><![CDATA[SECOND]]></Unit>
					</OccurrenceTime>
					<RecurrenceCode Class="CodeUnitValue">
						<Code><![CDATA[1]]></Code>
						<Unit Class="TimeUnits"><![CDATA[SECOND]]></Unit>
					</RecurrenceCode>
					<EmbeddedIcon>false</EmbeddedIcon>
					<Width>290</Width>
					<Height>220</Height>
					<BackgroundColor/>
					<BorderColor/>
					<ChartArea>
						<XOffset>50</XOffset>
						<YOffset>30</YOffset>
						<Width>210</Width>
						<Height>130</Height>
						<BackgroundColor>-1</BackgroundColor>
						<BorderColor>-16777216</BorderColor>
						<GridColor>-12566464</GridColor>
					</ChartArea>
					<Legend>
						<Place>SOUTH</Place>
						<TextColor>-16777216</TextColor>
						<Size>30</Size>
					</Legend>
					<Labels>
						<HorLabelsPosition>DEFAULT</HorLabelsPosition>
						<VerLabelsPosition>DEFAULT</VerLabelsPosition>
						<TextColor>-12566464</TextColor>
					</Labels>
					<ShowLegend>true</ShowLegend>
					<TimeWindowsMovementType>MOVEMENT_WITH_TIME</TimeWindowsMovementType>		
					<TimeWindowUnits>MODEL_TIME_UNIT</TimeWindowUnits>
					<VerScaleFromExpression><![CDATA[0]]></VerScaleFromExpression>
					<VerScaleToExpression><![CDATA[1]]></VerScaleToExpression>
					<VerScaleType>AUTO</VerScaleType>
					<DrawLine>true</DrawLine>
					<Interpolation>LINEAR</Interpolation>
					<DatasetExpression>  
						<Title><![CDATA[Dataset Title]]></Title>
					<Id>0</Id>
					<Expression><![CDATA[fees]]></Expression>
					<Color>-2448096</Color>
					<Expression2><![CDATA[0]]></Expression2>
					<Expression2Flag>false</Expression2Flag>
						<PointStyle>NONE</PointStyle>
						<LineWidth>1.0</LineWidth>
					</DatasetExpression>
					<SamplesToKeep>100</SamplesToKeep>
					<TimeWindowExpression><![CDATA[100]]></TimeWindowExpression>
					<FillAreaUnderLine>false</FillAreaUnderLine>
					<LabelFormat>MODEL_TIME_UNITS</LabelFormat>
    			</TimePlot>
			</Presentation>

				</Level>
			</Presentation>

		</ActiveObjectClass>
		<!--   =========   Active Object Class   ========  -->
		<ActiveObjectClass>
			<Id>1659662261588</Id>
			<Name><![CDATA[Projects]]></Name>
			<ClientAreaTopLeft><X>0</X><Y>0</Y></ClientAreaTopLeft>
			<Import><![CDATA[import com.querydsl.core.BooleanBuilder;]]></Import>
			<Generic>false</Generic>
			<GenericParameter>
				<Id>1659662261586</Id>
				<Name><![CDATA[1659662261586]]></Name>
				<GenericParameterValue Class="CodeValue">
					<Code><![CDATA[T extends Agent]]></Code>
				</GenericParameterValue>
				<GenericParameterLabel><![CDATA[Generic parameter:]]></GenericParameterLabel>
			</GenericParameter>
			<FlowChartsUsage>ENTITY</FlowChartsUsage>
			<SamplesToKeep>100</SamplesToKeep>
			<LimitNumberOfArrayElements>false</LimitNumberOfArrayElements>
			<ElementsLimitValue>100</ElementsLimitValue>
			<MakeDefaultViewArea>true</MakeDefaultViewArea>
			<SceneGridColor/>
			<SceneBackgroundColor/>
			<SceneSkybox>null</SceneSkybox>
			<AgentProperties>
	 			<SpaceType>CONTINUOUS</SpaceType>			
				<EnvironmentDefinesInitialLocation>true</EnvironmentDefinesInitialLocation>
				<RotateAnimationTowardsMovement>true</RotateAnimationTowardsMovement>
				<RotateAnimationVertically>false</RotateAnimationVertically>
				<VelocityCode Class="CodeUnitValue">
					<Code><![CDATA[10]]></Code>
					<Unit Class="SpeedUnits"><![CDATA[MPS]]></Unit>
				</VelocityCode>
				<PhysicalLength Class="CodeUnitValue">
					<Code><![CDATA[1]]></Code>
					<Unit Class="LengthUnits"><![CDATA[METER]]></Unit>
				</PhysicalLength>
				<PhysicalWidth Class="CodeUnitValue">
					<Code><![CDATA[1]]></Code>
					<Unit Class="LengthUnits"><![CDATA[METER]]></Unit>
				</PhysicalWidth>
				<PhysicalHeight Class="CodeUnitValue">
					<Code><![CDATA[1]]></Code>
					<Unit Class="LengthUnits"><![CDATA[METER]]></Unit>
				</PhysicalHeight>
			</AgentProperties>
			<EnvironmentProperties>
					<EnableSteps>false</EnableSteps>
					<StepDurationCode Class="CodeUnitValue">
						<Code><![CDATA[1.0]]></Code>
						<Unit Class="TimeUnits"><![CDATA[SECOND]]></Unit>
					</StepDurationCode>
					<SpaceType>CONTINUOUS</SpaceType>
					<WidthCode><![CDATA[500]]></WidthCode>
					<HeightCode><![CDATA[500]]></HeightCode>
					<ZHeightCode><![CDATA[0]]></ZHeightCode>
					<ColumnsCountCode><![CDATA[100]]></ColumnsCountCode>
					<RowsCountCode><![CDATA[100]]></RowsCountCode>
					<NeigborhoodType>MOORE</NeigborhoodType>
					<LayoutType>USER_DEF</LayoutType>
					<LayoutTypeApplyOnStartup>true</LayoutTypeApplyOnStartup>
					<NetworkType>USER_DEF</NetworkType>
					<NetworkTypeApplyOnStartup>true</NetworkTypeApplyOnStartup>
					<ConnectionsPerAgentCode><![CDATA[2]]></ConnectionsPerAgentCode>
					<ConnectionsRangeCode><![CDATA[50]]></ConnectionsRangeCode>
					<NeighborLinkFractionCode><![CDATA[0.95]]></NeighborLinkFractionCode>
					<MCode><![CDATA[10]]></MCode>
			</EnvironmentProperties>
			<DatasetsCreationProperties>
				<AutoCreate>true</AutoCreate>
					<OccurrenceAtTime>true</OccurrenceAtTime>
					<OccurrenceDate>1659686400000</OccurrenceDate>
					<OccurrenceTime Class="CodeUnitValue">
						<Code><![CDATA[0]]></Code>
						<Unit Class="TimeUnits"><![CDATA[SECOND]]></Unit>
					</OccurrenceTime>
					<RecurrenceCode Class="CodeUnitValue">
						<Code><![CDATA[1]]></Code>
						<Unit Class="TimeUnits"><![CDATA[SECOND]]></Unit>
					</RecurrenceCode>
			</DatasetsCreationProperties>
			<ScaleRuler>
				<Id>1659662261584</Id>
				<Name><![CDATA[scale]]></Name>
				<X>0</X><Y>-150</Y>
				<PublicFlag>false</PublicFlag>
				<PresentationFlag>false</PresentationFlag>
				<ShowLabel>false</ShowLabel>
				<DrawMode>SHAPE_DRAW_2D3D</DrawMode>
				<Length>100</Length>
				<Rotation>0</Rotation>
				<ScaleType>BASED_ON_LENGTH</ScaleType>
				<ModelLength>10</ModelLength>
				<LengthUnits>METER</LengthUnits>
				<Scale>10</Scale>
				<InheritedFromParentAgentType>true</InheritedFromParentAgentType>
			</ScaleRuler>
			<CurrentLevel>1659662261587</CurrentLevel>
			<ConnectionsId>1659662261583</ConnectionsId>
			<Variables>
				<Variable Class="PlainVariable">
					<Id>1659663957747</Id>
					<Name><![CDATA[mainModel]]></Name>
					<X>380</X><Y>60</Y>
					<Label><X>10</X><Y>0</Y></Label>
					<PublicFlag>false</PublicFlag>
					<PresentationFlag>true</PresentationFlag>
					<ShowLabel>true</ShowLabel>
					<Properties SaveInSnapshot="true" Constant="false" AccessType="public" StaticVariable="false">
						<Type><![CDATA[Main]]></Type>        
					</Properties>
				</Variable>
				<Variable Class="PlainVariable">
					<Id>1659664043119</Id>
					<Name><![CDATA[fees]]></Name>
					<X>380</X><Y>80</Y>
					<Label><X>10</X><Y>0</Y></Label>
					<PublicFlag>false</PublicFlag>
					<PresentationFlag>true</PresentationFlag>
					<ShowLabel>true</ShowLabel>
					<Properties SaveInSnapshot="true" Constant="false" AccessType="public" StaticVariable="false">
						<Type><![CDATA[double]]></Type>        
					</Properties>
				</Variable>
				<Variable Class="PlainVariable">
					<Id>1659664155496</Id>
					<Name><![CDATA[duration]]></Name>
					<X>380</X><Y>100</Y>
					<Label><X>10</X><Y>0</Y></Label>
					<PublicFlag>false</PublicFlag>
					<PresentationFlag>true</PresentationFlag>
					<ShowLabel>true</ShowLabel>
					<Properties SaveInSnapshot="true" Constant="false" AccessType="public" StaticVariable="false">
						<Type><![CDATA[double]]></Type>        
					</Properties>
				</Variable>
				<Variable Class="PlainVariable">
					<Id>1659664190671</Id>
					<Name><![CDATA[projectType]]></Name>
					<X>380</X><Y>120</Y>
					<Label><X>10</X><Y>0</Y></Label>
					<PublicFlag>false</PublicFlag>
					<PresentationFlag>true</PresentationFlag>
					<ShowLabel>true</ShowLabel>
					<Properties SaveInSnapshot="true" Constant="false" AccessType="public" StaticVariable="false">
						<Type><![CDATA[int]]></Type>        
					</Properties>
				</Variable>
				<Variable Class="PlainVariable">
					<Id>1659664316201</Id>
					<Name><![CDATA[win]]></Name>
					<X>380</X><Y>140</Y>
					<Label><X>10</X><Y>0</Y></Label>
					<PublicFlag>false</PublicFlag>
					<PresentationFlag>true</PresentationFlag>
					<ShowLabel>true</ShowLabel>
					<Properties SaveInSnapshot="true" Constant="false" AccessType="public" StaticVariable="false">
						<Type><![CDATA[boolean]]></Type>        
						<InitialValue Class="CodeValue">
							<Code><![CDATA[false]]></Code>
						</InitialValue>
					</Properties>
				</Variable>
			</Variables>
			<StatechartElements>
				<StatechartElement Class="State" ParentState="ROOT_NODE">
					<Id>1659662355792</Id>
					<Name><![CDATA[lead]]></Name>
					<X>110</X><Y>70</Y>
					<Label><X>10</X><Y>10</Y></Label>
					<PublicFlag>false</PublicFlag>
					<PresentationFlag>true</PresentationFlag>
					<ShowLabel>true</ShowLabel>
					<Properties Width="90" Height="30">
						<FillColor/>
					</Properties>
				</StatechartElement>
				<StatechartElement Class="State" ParentState="ROOT_NODE">
					<Id>1659662376167</Id>
					<Name><![CDATA[proposal]]></Name>
					<X>110</X><Y>150</Y>
					<Label><X>10</X><Y>10</Y></Label>
					<PublicFlag>false</PublicFlag>
					<PresentationFlag>true</PresentationFlag>
					<ShowLabel>true</ShowLabel>
					<Properties Width="90" Height="30">
						<FillColor/>
					</Properties>
				</StatechartElement>
				<StatechartElement Class="State" ParentState="ROOT_NODE">
					<Id>1659662411936</Id>
					<Name><![CDATA[Close]]></Name>
					<X>110</X><Y>220</Y>
					<Label><X>10</X><Y>10</Y></Label>
					<PublicFlag>false</PublicFlag>
					<PresentationFlag>true</PresentationFlag>
					<ShowLabel>true</ShowLabel>
					<Properties Width="90" Height="30">
						<FillColor/>
					</Properties>
				</StatechartElement>
				<StatechartElement Class="State" ParentState="ROOT_NODE">
					<Id>1659662636328</Id>
					<Name><![CDATA[SOW]]></Name>
					<X>240</X><Y>290</Y>
					<Label><X>10</X><Y>10</Y></Label>
					<PublicFlag>false</PublicFlag>
					<PresentationFlag>true</PresentationFlag>
					<ShowLabel>true</ShowLabel>
					<Properties Width="100" Height="30">
						<FillColor/>
					</Properties>
				</StatechartElement>
				<StatechartElement Class="Branch" ParentState="ROOT_NODE">
					<Id>1659662656579</Id>
					<Name><![CDATA[branch]]></Name>
					<X>170</X><Y>300</Y>
					<Label><X>10</X><Y>0</Y></Label>
					<PublicFlag>false</PublicFlag>
					<PresentationFlag>true</PresentationFlag>
					<ShowLabel>false</ShowLabel>
					<Properties>	
					</Properties>	
				</StatechartElement>
				<StatechartElement Class="State" ParentState="ROOT_NODE">
					<Id>1659662668349</Id>
					<Name><![CDATA[Loss]]></Name>
					<X>120</X><Y>340</Y>
					<Label><X>10</X><Y>10</Y></Label>
					<PublicFlag>false</PublicFlag>
					<PresentationFlag>true</PresentationFlag>
					<ShowLabel>true</ShowLabel>
					<Properties Width="100" Height="30">
						<FillColor/>
					</Properties>
				</StatechartElement>
				<StatechartElement Class="State" ParentState="ROOT_NODE">
					<Id>1659662755247</Id>
					<Name><![CDATA[Delivery]]></Name>
					<X>400</X><Y>290</Y>
					<Label><X>10</X><Y>10</Y></Label>
					<PublicFlag>false</PublicFlag>
					<PresentationFlag>true</PresentationFlag>
					<ShowLabel>true</ShowLabel>
					<Properties Width="100" Height="30">
						<FillColor/>
					</Properties>
				</StatechartElement>
				<StatechartElement Class="FinalState" ParentState="ROOT_NODE">
					<Id>1659662973558</Id>
					<Name><![CDATA[finalState]]></Name>
					<X>170</X><Y>430</Y>
					<Label><X>10</X><Y>0</Y></Label>
					<PublicFlag>false</PublicFlag>
					<PresentationFlag>true</PresentationFlag>
					<ShowLabel>false</ShowLabel>
					<Properties>	
					</Properties>	
				</StatechartElement>
				<StatechartElement Class="EntryPoint" ParentState="ROOT_NODE">
					<Id>1659662548208</Id>
					<Name><![CDATA[statechart]]></Name>
					<X>160</X><Y>40</Y>
					<Label><X>10</X><Y>0</Y></Label>
					<PublicFlag>false</PublicFlag>
					<PresentationFlag>true</PresentationFlag>
					<ShowLabel>true</ShowLabel>
					<Points>
						<Point><X>0</X><Y>0</Y></Point>
						<Point><X>0</X><Y>30</Y></Point>
					</Points>
					<Properties Target="1659662355792">
					</Properties>	
				</StatechartElement>
				<StatechartElement Class="Transition" ParentState="ROOT_NODE">
					<Id>1659662571797</Id>
					<Name><![CDATA[transition]]></Name>
					<X>140</X><Y>100</Y>
					<Label><X>10</X><Y>0</Y></Label>
					<PublicFlag>false</PublicFlag>
					<PresentationFlag>true</PresentationFlag>
					<ShowLabel>false</ShowLabel>
					<Points>
						<Point><X>0</X><Y>0</Y></Point>
						<Point><X>0</X><Y>50</Y></Point>
					</Points>
					<IconOffset>20.0</IconOffset>
					<Properties Source="1659662355792" Target="1659662376167" Trigger="timeout">
						<Timeout Class="CodeUnitValue">
							<Code><![CDATA[triangular(1, 4)]]></Code>
							<Unit Class="TimeUnits"><![CDATA[SECOND]]></Unit>
						</Timeout>
						<Condition><![CDATA[true]]></Condition>
						<Rate Class="CodeUnitValue">
							<Code><![CDATA[1]]></Code>
							<Unit Class="RateUnits"><![CDATA[PER_SECOND]]></Unit>
						</Rate>
						<MessageType><![CDATA[Object]]></MessageType>
						<DefaultTransition>true</DefaultTransition>
						<FilterType><![CDATA[unconditionally]]></FilterType>
						<EqualsExpression><![CDATA["text"]]></EqualsExpression>
						<SatisfiesExpression><![CDATA[true]]></SatisfiesExpression>
					</Properties>	
				</StatechartElement>
				<StatechartElement Class="Transition" ParentState="ROOT_NODE">
					<Id>1659662585010</Id>
					<Name><![CDATA[transition1]]></Name>
					<X>140</X><Y>180</Y>
					<Label><X>10</X><Y>0</Y></Label>
					<PublicFlag>false</PublicFlag>
					<PresentationFlag>true</PresentationFlag>
					<ShowLabel>false</ShowLabel>
					<Points>
						<Point><X>0</X><Y>0</Y></Point>
						<Point><X>0</X><Y>40</Y></Point>
					</Points>
					<IconOffset>20.0</IconOffset>
					<Properties Source="1659662376167" Target="1659662411936" Trigger="timeout">
						<Timeout Class="CodeUnitValue">
							<Code><![CDATA[triangular(3, 4)]]></Code>
							<Unit Class="TimeUnits"><![CDATA[SECOND]]></Unit>
						</Timeout>
						<Condition><![CDATA[true]]></Condition>
						<Rate Class="CodeUnitValue">
							<Code><![CDATA[1]]></Code>
							<Unit Class="RateUnits"><![CDATA[PER_SECOND]]></Unit>
						</Rate>
						<MessageType><![CDATA[Object]]></MessageType>
						<DefaultTransition>true</DefaultTransition>
						<FilterType><![CDATA[unconditionally]]></FilterType>
						<EqualsExpression><![CDATA["text"]]></EqualsExpression>
						<SatisfiesExpression><![CDATA[true]]></SatisfiesExpression>
					</Properties>	
				</StatechartElement>
				<StatechartElement Class="Transition" ParentState="ROOT_NODE">
					<Id>1659662677690</Id>
					<Name><![CDATA[transition2]]></Name>
					<X>170</X><Y>310</Y>
					<Label><X>10</X><Y>0</Y></Label>
					<PublicFlag>false</PublicFlag>
					<PresentationFlag>true</PresentationFlag>
					<ShowLabel>false</ShowLabel>
					<Points>
						<Point><X>0</X><Y>0</Y></Point>
						<Point><X>0</X><Y>30</Y></Point>
					</Points>
					<IconOffset>20.0</IconOffset>
					<Properties Source="1659662656579" Target="1659662668349" Trigger="timeout">
						<Timeout Class="CodeUnitValue">
							<Code><![CDATA[1]]></Code>
							<Unit Class="TimeUnits"><![CDATA[SECOND]]></Unit>
						</Timeout>
						<Condition><![CDATA[randomTrue(mainModel.winRate)]]></Condition>
						<Rate Class="CodeUnitValue">
							<Code><![CDATA[1]]></Code>
							<Unit Class="RateUnits"><![CDATA[PER_SECOND]]></Unit>
						</Rate>
						<MessageType><![CDATA[Object]]></MessageType>
						<DefaultTransition>true</DefaultTransition>
						<FilterType><![CDATA[unconditionally]]></FilterType>
						<EqualsExpression><![CDATA["text"]]></EqualsExpression>
						<SatisfiesExpression><![CDATA[true]]></SatisfiesExpression>
					</Properties>	
				</StatechartElement>
				<StatechartElement Class="Transition" ParentState="ROOT_NODE">
					<Id>1659662684551</Id>
					<Name><![CDATA[transition3]]></Name>
					<X>182</X><Y>300</Y>
					<Label><X>10</X><Y>0</Y></Label>
					<PublicFlag>false</PublicFlag>
					<PresentationFlag>true</PresentationFlag>
					<ShowLabel>false</ShowLabel>
					<Points>
						<Point><X>0</X><Y>0</Y></Point>
						<Point><X>58</X><Y>0</Y></Point>
					</Points>
					<IconOffset>20.0</IconOffset>
					<Properties Source="1659662656579" Target="1659662636328" Trigger="timeout">
						<Action><![CDATA[win = true;]]></Action>
						<Timeout Class="CodeUnitValue">
							<Code><![CDATA[1]]></Code>
							<Unit Class="TimeUnits"><![CDATA[SECOND]]></Unit>
						</Timeout>
						<Condition><![CDATA[randomTrue(get_Main().winRate)]]></Condition>
						<Rate Class="CodeUnitValue">
							<Code><![CDATA[1]]></Code>
							<Unit Class="RateUnits"><![CDATA[PER_SECOND]]></Unit>
						</Rate>
						<MessageType><![CDATA[Object]]></MessageType>
						<DefaultTransition>false</DefaultTransition>
						<FilterType><![CDATA[unconditionally]]></FilterType>
						<EqualsExpression><![CDATA["text"]]></EqualsExpression>
						<SatisfiesExpression><![CDATA[true]]></SatisfiesExpression>
					</Properties>	
				</StatechartElement>
				<StatechartElement Class="Transition" ParentState="ROOT_NODE">
					<Id>1659662712122</Id>
					<Name><![CDATA[transition4]]></Name>
					<X>170</X><Y>250</Y>
					<Label><X>10</X><Y>0</Y></Label>
					<PublicFlag>false</PublicFlag>
					<PresentationFlag>true</PresentationFlag>
					<ShowLabel>false</ShowLabel>
					<Points>
						<Point><X>0</X><Y>0</Y></Point>
						<Point><X>0</X><Y>40</Y></Point>
					</Points>
					<IconOffset>20.0</IconOffset>
					<Properties Source="1659662411936" Target="1659662656579" Trigger="timeout">
						<Timeout Class="CodeUnitValue">
							<Code><![CDATA[0]]></Code>
							<Unit Class="TimeUnits"><![CDATA[SECOND]]></Unit>
						</Timeout>
						<Condition><![CDATA[true]]></Condition>
						<Rate Class="CodeUnitValue">
							<Code><![CDATA[1]]></Code>
							<Unit Class="RateUnits"><![CDATA[PER_SECOND]]></Unit>
						</Rate>
						<MessageType><![CDATA[Object]]></MessageType>
						<DefaultTransition>true</DefaultTransition>
						<FilterType><![CDATA[unconditionally]]></FilterType>
						<EqualsExpression><![CDATA["text"]]></EqualsExpression>
						<SatisfiesExpression><![CDATA[true]]></SatisfiesExpression>
					</Properties>	
				</StatechartElement>
				<StatechartElement Class="Transition" ParentState="ROOT_NODE">
					<Id>1659662794351</Id>
					<Name><![CDATA[transition5]]></Name>
					<X>340</X><Y>310</Y>
					<Label><X>10</X><Y>0</Y></Label>
					<PublicFlag>false</PublicFlag>
					<PresentationFlag>true</PresentationFlag>
					<ShowLabel>false</ShowLabel>
					<Points>
						<Point><X>0</X><Y>0</Y></Point>
						<Point><X>60</X><Y>0</Y></Point>
					</Points>
					<IconOffset>20.0</IconOffset>
					<Properties Source="1659662636328" Target="1659662755247" Trigger="timeout">
						<Action><![CDATA[get_Main().totalFees+=fees;]]></Action>
						<Timeout Class="CodeUnitValue">
							<Code><![CDATA[triangular(1, 3)]]></Code>
							<Unit Class="TimeUnits"><![CDATA[SECOND]]></Unit>
						</Timeout>
						<Condition><![CDATA[true]]></Condition>
						<Rate Class="CodeUnitValue">
							<Code><![CDATA[1]]></Code>
							<Unit Class="RateUnits"><![CDATA[PER_SECOND]]></Unit>
						</Rate>
						<MessageType><![CDATA[Object]]></MessageType>
						<DefaultTransition>true</DefaultTransition>
						<FilterType><![CDATA[unconditionally]]></FilterType>
						<EqualsExpression><![CDATA["text"]]></EqualsExpression>
						<SatisfiesExpression><![CDATA[true]]></SatisfiesExpression>
					</Properties>	
				</StatechartElement>
				<StatechartElement Class="Transition" ParentState="ROOT_NODE">
					<Id>1659662985665</Id>
					<Name><![CDATA[transition6]]></Name>
					<X>170</X><Y>370</Y>
					<Label><X>10</X><Y>0</Y></Label>
					<PublicFlag>false</PublicFlag>
					<PresentationFlag>true</PresentationFlag>
					<ShowLabel>false</ShowLabel>
					<Points>
						<Point><X>0</X><Y>0</Y></Point>
						<Point><X>0</X><Y>52</Y></Point>
					</Points>
					<IconOffset>20.0</IconOffset>
					<Properties Source="1659662668349" Target="1659662973558" Trigger="timeout">
						<Timeout Class="CodeUnitValue">
							<Code><![CDATA[0]]></Code>
							<Unit Class="TimeUnits"><![CDATA[SECOND]]></Unit>
						</Timeout>
						<Condition><![CDATA[true]]></Condition>
						<Rate Class="CodeUnitValue">
							<Code><![CDATA[1]]></Code>
							<Unit Class="RateUnits"><![CDATA[PER_SECOND]]></Unit>
						</Rate>
						<MessageType><![CDATA[Object]]></MessageType>
						<DefaultTransition>true</DefaultTransition>
						<FilterType><![CDATA[unconditionally]]></FilterType>
						<EqualsExpression><![CDATA["text"]]></EqualsExpression>
						<SatisfiesExpression><![CDATA[true]]></SatisfiesExpression>
					</Properties>	
				</StatechartElement>
				<StatechartElement Class="Transition" ParentState="ROOT_NODE">
					<Id>1659662999398</Id>
					<Name><![CDATA[transition7]]></Name>
					<X>450</X><Y>320</Y>
					<Label><X>10</X><Y>0</Y></Label>
					<PublicFlag>false</PublicFlag>
					<PresentationFlag>true</PresentationFlag>
					<ShowLabel>false</ShowLabel>
					<Points>
						<Point><X>0</X><Y>0</Y></Point>
						<Point><X>0</X><Y>110</Y></Point>
						<Point><X>-272</X><Y>110</Y></Point>
					</Points>
					<IconOffset>20.0</IconOffset>
					<Properties Source="1659662755247" Target="1659662973558" Trigger="timeout">
						<Timeout Class="CodeUnitValue">
							<Code><![CDATA[duration]]></Code>
							<Unit Class="TimeUnits"><![CDATA[SECOND]]></Unit>
						</Timeout>
						<Condition><![CDATA[true]]></Condition>
						<Rate Class="CodeUnitValue">
							<Code><![CDATA[1]]></Code>
							<Unit Class="RateUnits"><![CDATA[PER_SECOND]]></Unit>
						</Rate>
						<MessageType><![CDATA[Object]]></MessageType>
						<DefaultTransition>true</DefaultTransition>
						<FilterType><![CDATA[unconditionally]]></FilterType>
						<EqualsExpression><![CDATA["text"]]></EqualsExpression>
						<SatisfiesExpression><![CDATA[true]]></SatisfiesExpression>
					</Properties>	
				</StatechartElement>
			</StatechartElements>
			<AgentLinks>
				<AgentLink>
					<Id>1659662261583</Id>
					<Name><![CDATA[connections]]></Name>
					<X>50</X><Y>-50</Y>
					<Label><X>15</X><Y>0</Y></Label>
					<PublicFlag>false</PublicFlag>
					<PresentationFlag>true</PresentationFlag>
					<ShowLabel>true</ShowLabel>
					<HandleReceiveInConnections>false</HandleReceiveInConnections>
					<AgentLinkType>COLLECTION_OF_LINKS</AgentLinkType>
					<AgentLinkBidirectional>true</AgentLinkBidirectional>
					<MessageType><![CDATA[Object]]></MessageType>
					<StatechartReference>
						<PackageName><![CDATA[model]]></PackageName>
						<ClassName><![CDATA[Projects]]></ClassName>
						<ItemName><![CDATA[statechart]]></ItemName>
					</StatechartReference>
					<LineStyle>SOLID</LineStyle>
					<LineWidth>1</LineWidth>
					<LineColor>-16777216</LineColor>
					<LineZOrder>UNDER_AGENTS</LineZOrder>
					<LineArrow>NONE</LineArrow>
					<LineArrowPosition>END</LineArrowPosition>
				</AgentLink>
			</AgentLinks>

			<ContainerLinks>
				<ContainerLink>
					<Id>1659665482551</Id>
					<Name><![CDATA[main]]></Name>
					<X>50</X><Y>-100</Y>
					<Label><X>10</X><Y>0</Y></Label>
					<PublicFlag>false</PublicFlag>
					<PresentationFlag>true</PresentationFlag>
					<ShowLabel>true</ShowLabel>
					<ActiveObjectClass>
						<PackageName><![CDATA[model]]></PackageName>
						<ClassName><![CDATA[Main]]></ClassName>
					</ActiveObjectClass>
				</ContainerLink>
			</ContainerLinks>

			<Presentation>
				<Level>
					<Id>1659662261587</Id>
					<Name><![CDATA[level]]></Name>
					<X>0</X><Y>0</Y>
					<Label><X>10</X><Y>0</Y></Label>
					<PublicFlag>true</PublicFlag>
					<PresentationFlag>true</PresentationFlag>
					<ShowLabel>false</ShowLabel>
					<DrawMode>SHAPE_DRAW_2D3D</DrawMode>
					<Z>0</Z>
					<LevelVisibility>DIM_NON_CURRENT</LevelVisibility>


				</Level>
			</Presentation>

		</ActiveObjectClass>
	</ActiveObjectClasses>	
	<DifferentialEquationsMethod>EULER</DifferentialEquationsMethod>
	<MixedEquationsMethod>RK45_NEWTON</MixedEquationsMethod>
	<AlgebraicEquationsMethod>MODIFIED_NEWTON</AlgebraicEquationsMethod>
	<AbsoluteAccuracy>1.0E-5</AbsoluteAccuracy>
	<FixedTimeStep>0.001</FixedTimeStep>
	<RelativeAccuracy>1.0E-5</RelativeAccuracy>
	<TimeAccuracy>1.0E-5</TimeAccuracy>
	<Frame>
		<Width>1000</Width>
		<Height>600</Height>
	</Frame>
	<Database>
		<Logging>false</Logging>
		<AutoExport>false</AutoExport>
		<ShutdownCompact>false</ShutdownCompact>
		<ImportSettings>
		</ImportSettings>
		<ExportSettings>
		</ExportSettings>
	</Database>
	
	<RunConfiguration ActiveObjectClassId="1659662198544">
		<Id>1659662198574</Id>
		<Name><![CDATA[RunConfiguration]]></Name>
		<MaximumMemory>512</MaximumMemory>
		<ModelTimeProperties>
			<StopOption><![CDATA[Stop at specified time]]></StopOption>
			<InitialDate><![CDATA[1659657600000]]></InitialDate>	
			<InitialTime><![CDATA[0.0]]></InitialTime>	
			<FinalDate><![CDATA[1662336000000]]></FinalDate>	
			<FinalTime><![CDATA[100.0]]></FinalTime>	
		</ModelTimeProperties>
		<AnimationProperties>
			<StopNever>true</StopNever>
			<ExecutionMode>realTimeScaled</ExecutionMode>
			<RealTimeScale>1.0</RealTimeScale>
			<EnableZoomAndPanning>true</EnableZoomAndPanning>
			<EnableDeveloperPanel>false</EnableDeveloperPanel>
			<ShowDeveloperPanelOnStart>false</ShowDeveloperPanelOnStart>
		</AnimationProperties>
		<Inputs>		
		</Inputs>
		<Outputs>
		</Outputs>
	</RunConfiguration>
	<Experiments>	
		<!--   =========   Simulation Experiment   ========  -->
		<SimulationExperiment ActiveObjectClassId="1659662198544">
			<Id>1659662198571</Id>
			<Name><![CDATA[Simulation]]></Name>
			<ClientAreaTopLeft><X>0</X><Y>0</Y></ClientAreaTopLeft>
			<CommandLineArguments><![CDATA[]]></CommandLineArguments>
			<MaximumMemory>512</MaximumMemory>
			<RandomNumberGenerationType>fixedSeed</RandomNumberGenerationType>
			<CustomGeneratorCode>new Random()</CustomGeneratorCode>
			<SeedValue>1</SeedValue>
			<SelectionModeForSimultaneousEvents>LIFO</SelectionModeForSimultaneousEvents>
			<VmArgs><![CDATA[]]></VmArgs>
			<LoadRootFromSnapshot>false</LoadRootFromSnapshot>

			<Presentation>
				<Text>
					<Id>1659662198572</Id>
					<Name><![CDATA[text]]></Name>
					<X>50</X><Y>30</Y>
					<Label><X>10</X><Y>0</Y></Label>
					<PublicFlag>true</PublicFlag>
					<PresentationFlag>true</PresentationFlag>
					<ShowLabel>false</ShowLabel>
					<DrawMode>SHAPE_DRAW_2D3D</DrawMode>
					<EmbeddedIcon>false</EmbeddedIcon>
					<Z>0</Z>
					<Rotation>0.0</Rotation>
					<Color>-12490271</Color>
					<Text><![CDATA[Model]]></Text>
					<Font>
						<Name>SansSerif</Name>
						<Size>24</Size>
						<Style>0</Style>
					</Font>
					<Alignment>LEFT</Alignment>
				</Text>
			</Presentation>

			<Parameters>			
				<Parameter>
					<ParameterName><![CDATA[winRate]]></ParameterName>
				</Parameter>
			</Parameters>			
			<PresentationProperties>
				<EnableZoomAndPanning>true</EnableZoomAndPanning>
				<ExecutionMode><![CDATA[realTimeScaled]]></ExecutionMode>
				<Title><![CDATA[Model : Simulation]]></Title>	
				<EnableDeveloperPanel>true</EnableDeveloperPanel>
				<ShowDeveloperPanelOnStart>false</ShowDeveloperPanelOnStart>
				<RealTimeScale>1.0</RealTimeScale>
			</PresentationProperties>
			<ModelTimeProperties>
				<StopOption><![CDATA[Never]]></StopOption>
				<InitialDate><![CDATA[1659657600000]]></InitialDate>	
				<InitialTime><![CDATA[0.0]]></InitialTime>	
				<FinalDate><![CDATA[1662336000000]]></FinalDate>	
				<FinalTime><![CDATA[100.0]]></FinalTime>	
			</ModelTimeProperties>
			<BypassInitialScreen>true</BypassInitialScreen>
		</SimulationExperiment>	
	</Experiments>
    <RequiredLibraryReference>
		<LibraryName><![CDATA[com.anylogic.libraries.modules.markup_descriptors]]></LibraryName>
		<VersionMajor>1</VersionMajor>
		<VersionMinor>0</VersionMinor>
		<VersionBuild>0</VersionBuild>
    </RequiredLibraryReference>
    <RequiredLibraryReference>
		<LibraryName><![CDATA[com.anylogic.libraries.processmodeling]]></LibraryName>
		<VersionMajor>8</VersionMajor>
		<VersionMinor>0</VersionMinor>
		<VersionBuild>5</VersionBuild>
    </RequiredLibraryReference>
</Model>
</AnyLogicWorkspace>